run,feat_seed,random_cv,random_clear,linear_cv,linear_clear
0,1000,0.3564,False,-0.0596,False
1,1001,0.561,False,0.104,False
2,1002,0.6345,False,-0.4034,False
3,1003,0.3176,False,-0.4219,False
4,1004,0.1409,False,-0.549,False
5,1005,0.6309,False,-0.0115,False
6,1006,0.3838,False,-0.0978,False
7,1007,0.1871,False,-0.0763,False
8,1008,0.6563,False,0.1393,False
9,1009,0.2253,False,-0.4798,False
10,1010,0.7353,False,-0.4152,False
11,1011,0.2576,False,-0.314,False
12,1012,0.4699,False,-0.0412,False
13,1013,0.3413,False,-0.5301,False
14,1014,0.549,False,-0.6246,False
15,1015,0.2741,False,-0.5377,False
16,1016,0.2718,False,-0.427,False
17,1017,0.3248,False,-0.4642,False
18,1018,0.3932,False,-0.1746,False
19,1019,0.3993,False,-0.6594,False
20,1020,0.4015,False,-0.5147,False
21,1021,0.3695,False,0.1083,False
22,1022,0.5501,False,-0.0124,False
23,1023,0.2958,False,-0.8476,False
24,1024,0.638,False,-0.4704,False
25,1025,0.5784,False,-0.4236,False
26,1026,0.6381,False,-0.5418,False
27,1027,0.5482,False,0.1487,False
28,1028,0.4941,False,-0.2271,False
29,1029,0.3224,False,-0.2192,False
