rho,searcher,bar_q95,p_clear,median_champ,n_seeds
0.0,random,0.8445,0.0,0.436,30
0.0,linear,0.4081,0.0,-0.4406,30
0.1,random,0.8445,0.033,0.6753,30
0.1,linear,0.4081,0.0,-0.1084,30
0.15,random,0.8445,0.433,0.8308,30
0.15,linear,0.4081,0.1,0.1383,30
0.2,random,0.8445,1.0,1.0987,30
0.2,linear,0.4081,0.7,0.568,30
0.25,random,0.8445,1.0,1.4006,30
0.25,linear,0.4081,0.8,0.9759,30
0.3,random,0.8445,1.0,1.7741,30
0.3,linear,0.4081,1.0,1.3002,30
0.4,random,0.8445,1.0,1.9629,30
0.4,linear,0.4081,1.0,1.9417,30
0.5,random,0.8445,1.0,2.1683,30
0.5,linear,0.4081,1.0,2.2762,30
0.7,random,0.8445,1.0,2.7891,30
0.7,linear,0.4081,1.0,2.776,30
