rho,searcher,seed,champion_cv
0.0,random,0,0.431
0.0,random,1,0.4427
0.0,random,2,0.5141
0.0,random,3,0.3602
0.0,random,4,0.3868
0.0,random,5,0.3807
0.0,random,6,0.4103
0.0,random,7,0.4184
0.0,random,8,0.4922
0.0,random,9,0.7079
0.0,random,10,0.5875
0.0,random,11,0.2686
0.0,random,12,0.3218
0.0,random,13,0.3919
0.0,random,14,0.587
0.0,random,15,0.6244
0.0,random,16,0.2902
0.0,random,17,0.6304
0.0,random,18,0.5347
0.0,random,19,0.4409
0.0,random,20,0.5837
0.0,random,21,0.3266
0.0,random,22,0.6217
0.0,random,23,0.4616
0.0,random,24,0.6757
0.0,random,25,0.3236
0.0,random,26,0.4297
0.0,random,27,0.495
0.0,random,28,0.2821
0.0,random,29,0.4245
0.0,linear,0,-0.5892
0.0,linear,1,-0.3928
0.0,linear,2,-0.7143
0.0,linear,3,-0.3212
0.0,linear,4,-0.726
0.0,linear,5,-0.1725
0.0,linear,6,-0.0603
0.0,linear,7,-0.4034
0.0,linear,8,-0.3703
0.0,linear,9,-0.7661
0.0,linear,10,-0.6133
0.0,linear,11,-0.512
0.0,linear,12,-0.8775
0.0,linear,13,-0.7095
0.0,linear,14,-0.3276
0.0,linear,15,-0.4692
0.0,linear,16,-0.2735
0.0,linear,17,-0.3849
0.0,linear,18,-0.2693
0.0,linear,19,-0.7587
0.0,linear,20,-0.4505
0.0,linear,21,-0.2486
0.0,linear,22,-0.4759
0.0,linear,23,-0.7605
0.0,linear,24,-0.5245
0.0,linear,25,-0.4307
0.0,linear,26,-0.0295
0.0,linear,27,-0.6221
0.0,linear,28,-0.2337
0.0,linear,29,-0.3678
0.1,random,0,0.6947
0.1,random,1,0.7224
0.1,random,2,0.5845
0.1,random,3,0.7167
0.1,random,4,0.5266
0.1,random,5,0.649
0.1,random,6,0.5487
0.1,random,7,0.5141
0.1,random,8,0.508
0.1,random,9,0.7079
0.1,random,10,0.7855
0.1,random,11,0.6628
0.1,random,12,0.6306
0.1,random,13,0.694
0.1,random,14,0.587
0.1,random,15,0.6244
0.1,random,16,0.508
0.1,random,17,0.7478
0.1,random,18,0.5514
0.1,random,19,0.7782
0.1,random,20,0.6825
0.1,random,21,0.6766
0.1,random,22,0.6397
0.1,random,23,0.7295
0.1,random,24,0.9342
0.1,random,25,0.6397
0.1,random,26,0.7482
0.1,random,27,0.6971
0.1,random,28,0.678
0.1,random,29,0.6739
0.1,linear,0,-0.2391
0.1,linear,1,-0.093
0.1,linear,2,-0.0525
0.1,linear,3,-0.1559
0.1,linear,4,-0.039
0.1,linear,5,-0.1023
0.1,linear,6,-0.1646
0.1,linear,7,0.212
0.1,linear,8,-0.0524
0.1,linear,9,-0.1677
0.1,linear,10,-0.1863
0.1,linear,11,-0.0486
0.1,linear,12,-0.1144
0.1,linear,13,-0.2151
0.1,linear,14,0.0069
0.1,linear,15,-0.151
0.1,linear,16,-0.1522
0.1,linear,17,0.002
0.1,linear,18,-0.2045
0.1,linear,19,-0.4618
0.1,linear,20,-0.0463
0.1,linear,21,0.114
0.1,linear,22,-0.0071
0.1,linear,23,-0.2729
0.1,linear,24,-0.0802
0.1,linear,25,0.2952
0.1,linear,26,-0.0825
0.1,linear,27,-0.1519
0.1,linear,28,-0.2804
0.1,linear,29,-0.2784
0.15,random,0,0.8308
0.15,random,1,0.8521
0.15,random,2,0.8108
0.15,random,3,0.8263
0.15,random,4,0.6776
0.15,random,5,0.7706
0.15,random,6,0.8043
0.15,random,7,0.7503
0.15,random,8,0.6643
0.15,random,9,0.7914
0.15,random,10,1.0225
0.15,random,11,0.8563
0.15,random,12,0.8309
0.15,random,13,0.9083
0.15,random,14,0.9368
0.15,random,15,0.6643
0.15,random,16,0.6871
0.15,random,17,0.8155
0.15,random,18,0.6643
0.15,random,19,0.8883
0.15,random,20,0.8932
0.15,random,21,0.8479
0.15,random,22,0.8308
0.15,random,23,0.9394
0.15,random,24,0.8744
0.15,random,25,0.8264
0.15,random,26,0.9412
0.15,random,27,0.8242
0.15,random,28,0.896
0.15,random,29,1.0284
0.15,linear,0,0.1229
0.15,linear,1,0.6396
0.15,linear,2,0.5281
0.15,linear,3,0.2603
0.15,linear,4,0.3579
0.15,linear,5,-0.1318
0.15,linear,6,0.5653
0.15,linear,7,0.1568
0.15,linear,8,-0.205
0.15,linear,9,0.0862
0.15,linear,10,0.0442
0.15,linear,11,0.0253
0.15,linear,12,-0.1048
0.15,linear,13,0.3321
0.15,linear,14,0.1516
0.15,linear,15,-0.071
0.15,linear,16,0.3192
0.15,linear,17,0.0162
0.15,linear,18,0.3608
0.15,linear,19,0.3352
0.15,linear,20,0.1944
0.15,linear,21,-0.0088
0.15,linear,22,0.0977
0.15,linear,23,0.0037
0.15,linear,24,0.3749
0.15,linear,25,0.1354
0.15,linear,26,0.3856
0.15,linear,27,0.0269
0.15,linear,28,-0.075
0.15,linear,29,0.1412
0.2,random,0,1.1153
0.2,random,1,1.1324
0.2,random,2,1.1474
0.2,random,3,1.0328
0.2,random,4,1.0081
0.2,random,5,1.0779
0.2,random,6,1.0081
0.2,random,7,1.0353
0.2,random,8,1.0081
0.2,random,9,1.0081
0.2,random,10,1.1356
0.2,random,11,1.1208
0.2,random,12,1.1573
0.2,random,13,1.1065
0.2,random,14,1.1324
0.2,random,15,1.0081
0.2,random,16,1.0081
0.2,random,17,1.0081
0.2,random,18,1.0081
0.2,random,19,1.1504
0.2,random,20,1.0081
0.2,random,21,1.0908
0.2,random,22,1.1635
0.2,random,23,1.0081
0.2,random,24,1.1279
0.2,random,25,1.1342
0.2,random,26,1.0083
0.2,random,27,1.1324
0.2,random,28,1.112
0.2,random,29,1.1679
0.2,linear,0,0.1423
0.2,linear,1,0.5924
0.2,linear,2,0.4841
0.2,linear,3,0.6412
0.2,linear,4,0.9042
0.2,linear,5,0.6353
0.2,linear,6,0.628
0.2,linear,7,0.0959
0.2,linear,8,0.5056
0.2,linear,9,0.1288
0.2,linear,10,0.6382
0.2,linear,11,1.0329
0.2,linear,12,0.5683
0.2,linear,13,0.9219
0.2,linear,14,0.6564
0.2,linear,15,0.7797
0.2,linear,16,0.5678
0.2,linear,17,0.4555
0.2,linear,18,0.3364
0.2,linear,19,-0.0822
0.2,linear,20,0.9355
0.2,linear,21,0.3803
0.2,linear,22,0.4653
0.2,linear,23,0.4114
0.2,linear,24,0.8678
0.2,linear,25,0.7988
0.2,linear,26,0.6167
0.2,linear,27,0.0133
0.2,linear,28,0.1732
0.2,linear,29,0.3695
0.25,random,0,1.4006
0.25,random,1,1.4006
0.25,random,2,1.4006
0.25,random,3,1.4006
0.25,random,4,1.4006
0.25,random,5,1.4006
0.25,random,6,1.4006
0.25,random,7,1.4006
0.25,random,8,1.4006
0.25,random,9,1.4006
0.25,random,10,1.4006
0.25,random,11,1.4041
0.25,random,12,1.4006
0.25,random,13,1.4255
0.25,random,14,1.4006
0.25,random,15,1.4006
0.25,random,16,1.4006
0.25,random,17,1.4006
0.25,random,18,1.4006
0.25,random,19,1.4006
0.25,random,20,1.4006
0.25,random,21,1.4006
0.25,random,22,1.4006
0.25,random,23,1.4006
0.25,random,24,1.4191
0.25,random,25,1.4055
0.25,random,26,1.4006
0.25,random,27,1.4006
0.25,random,28,1.4006
0.25,random,29,1.4006
0.25,linear,0,0.6064
0.25,linear,1,0.3841
0.25,linear,2,0.9599
0.25,linear,3,0.7427
0.25,linear,4,1.1862
0.25,linear,5,1.458
0.25,linear,6,1.5654
0.25,linear,7,0.9946
0.25,linear,8,0.789
0.25,linear,9,1.2392
0.25,linear,10,1.2103
0.25,linear,11,0.7947
0.25,linear,12,0.5146
0.25,linear,13,1.4483
0.25,linear,14,1.0998
0.25,linear,15,1.197
0.25,linear,16,0.3888
0.25,linear,17,0.2354
0.25,linear,18,1.0176
0.25,linear,19,0.2854
0.25,linear,20,1.0135
0.25,linear,21,0.4657
0.25,linear,22,1.2531
0.25,linear,23,0.0158
0.25,linear,24,0.4249
0.25,linear,25,1.5011
0.25,linear,26,0.2034
0.25,linear,27,1.5068
0.25,linear,28,0.597
0.25,linear,29,0.9919
0.3,random,0,1.7974
0.3,random,1,1.7987
0.3,random,2,1.7835
0.3,random,3,1.7741
0.3,random,4,1.8195
0.3,random,5,1.7741
0.3,random,6,1.7754
0.3,random,7,1.7974
0.3,random,8,1.8027
0.3,random,9,1.7741
0.3,random,10,1.7741
0.3,random,11,1.7741
0.3,random,12,1.7741
0.3,random,13,1.8172
0.3,random,14,1.7741
0.3,random,15,1.7741
0.3,random,16,1.7741
0.3,random,17,1.8195
0.3,random,18,1.7741
0.3,random,19,1.8122
0.3,random,20,1.7974
0.3,random,21,1.7741
0.3,random,22,1.7741
0.3,random,23,1.7741
0.3,random,24,1.7813
0.3,random,25,1.8037
0.3,random,26,1.7741
0.3,random,27,1.8122
0.3,random,28,1.7741
0.3,random,29,1.7741
0.3,linear,0,1.0724
0.3,linear,1,1.1715
0.3,linear,2,1.2565
0.3,linear,3,1.4738
0.3,linear,4,1.4846
0.3,linear,5,1.4
0.3,linear,6,1.3131
0.3,linear,7,1.2404
0.3,linear,8,0.9845
0.3,linear,9,1.5596
0.3,linear,10,0.9588
0.3,linear,11,1.4397
0.3,linear,12,1.3645
0.3,linear,13,0.816
0.3,linear,14,1.8049
0.3,linear,15,1.2873
0.3,linear,16,1.3158
0.3,linear,17,1.0344
0.3,linear,18,0.6891
0.3,linear,19,1.7107
0.3,linear,20,1.4971
0.3,linear,21,1.6487
0.3,linear,22,0.7911
0.3,linear,23,1.0673
0.3,linear,24,1.4861
0.3,linear,25,1.4108
0.3,linear,26,0.8377
0.3,linear,27,1.0841
0.3,linear,28,1.1867
0.3,linear,29,1.5994
0.4,random,0,1.9762
0.4,random,1,2.0484
0.4,random,2,1.9629
0.4,random,3,1.9629
0.4,random,4,1.9629
0.4,random,5,1.9785
0.4,random,6,1.9629
0.4,random,7,1.9629
0.4,random,8,1.9629
0.4,random,9,1.9629
0.4,random,10,1.9629
0.4,random,11,1.9629
0.4,random,12,1.9629
0.4,random,13,2.0523
0.4,random,14,1.9629
0.4,random,15,1.9689
0.4,random,16,1.9629
0.4,random,17,1.9629
0.4,random,18,1.9629
0.4,random,19,1.9629
0.4,random,20,1.9629
0.4,random,21,1.9629
0.4,random,22,2.0672
0.4,random,23,1.9629
0.4,random,24,1.9629
0.4,random,25,2.1378
0.4,random,26,1.9629
0.4,random,27,1.9629
0.4,random,28,2.1031
0.4,random,29,1.9629
0.4,linear,0,1.3151
0.4,linear,1,2.3835
0.4,linear,2,2.1826
0.4,linear,3,1.7816
0.4,linear,4,2.0228
0.4,linear,5,2.2789
0.4,linear,6,2.2043
0.4,linear,7,2.0909
0.4,linear,8,1.9352
0.4,linear,9,1.9042
0.4,linear,10,2.2851
0.4,linear,11,1.6003
0.4,linear,12,1.6747
0.4,linear,13,2.0205
0.4,linear,14,1.5471
0.4,linear,15,1.9155
0.4,linear,16,1.7612
0.4,linear,17,1.4093
0.4,linear,18,1.9482
0.4,linear,19,2.3782
0.4,linear,20,1.5209
0.4,linear,21,2.3149
0.4,linear,22,2.0206
0.4,linear,23,2.0195
0.4,linear,24,1.6265
0.4,linear,25,1.6313
0.4,linear,26,2.1288
0.4,linear,27,1.6906
0.4,linear,28,1.7284
0.4,linear,29,2.0067
0.5,random,0,2.17
0.5,random,1,2.2434
0.5,random,2,2.3522
0.5,random,3,2.2183
0.5,random,4,2.1005
0.5,random,5,2.1874
0.5,random,6,2.1005
0.5,random,7,2.1005
0.5,random,8,2.1009
0.5,random,9,2.1338
0.5,random,10,2.1005
0.5,random,11,2.1666
0.5,random,12,2.1265
0.5,random,13,2.3885
0.5,random,14,2.2245
0.5,random,15,2.1907
0.5,random,16,2.1005
0.5,random,17,2.195
0.5,random,18,2.1005
0.5,random,19,2.1347
0.5,random,20,2.1005
0.5,random,21,2.1005
0.5,random,22,2.213
0.5,random,23,2.2183
0.5,random,24,2.1718
0.5,random,25,2.213
0.5,random,26,2.1005
0.5,random,27,2.2244
0.5,random,28,2.161
0.5,random,29,2.361
0.5,linear,0,2.399
0.5,linear,1,2.2767
0.5,linear,2,2.4074
0.5,linear,3,2.2608
0.5,linear,4,2.4706
0.5,linear,5,2.0954
0.5,linear,6,2.4633
0.5,linear,7,2.2885
0.5,linear,8,2.1924
0.5,linear,9,1.9961
0.5,linear,10,2.3948
0.5,linear,11,2.3586
0.5,linear,12,2.3975
0.5,linear,13,1.6346
0.5,linear,14,2.2102
0.5,linear,15,2.2557
0.5,linear,16,2.0504
0.5,linear,17,2.0335
0.5,linear,18,2.0926
0.5,linear,19,2.3834
0.5,linear,20,2.4588
0.5,linear,21,2.4178
0.5,linear,22,2.3945
0.5,linear,23,2.0925
0.5,linear,24,2.0776
0.5,linear,25,2.1742
0.5,linear,26,2.6149
0.5,linear,27,2.108
0.5,linear,28,2.297
0.5,linear,29,2.2758
0.7,random,0,2.8601
0.7,random,1,2.8572
0.7,random,2,3.2966
0.7,random,3,2.8744
0.7,random,4,2.8956
0.7,random,5,2.9282
0.7,random,6,2.7843
0.7,random,7,2.7843
0.7,random,8,2.7843
0.7,random,9,2.7843
0.7,random,10,2.7843
0.7,random,11,3.054
0.7,random,12,2.7843
0.7,random,13,2.8926
0.7,random,14,2.7843
0.7,random,15,2.9165
0.7,random,16,2.7843
0.7,random,17,2.9771
0.7,random,18,2.8097
0.7,random,19,2.7843
0.7,random,20,2.7843
0.7,random,21,2.7843
0.7,random,22,2.7863
0.7,random,23,2.8744
0.7,random,24,2.8431
0.7,random,25,2.7863
0.7,random,26,2.7843
0.7,random,27,2.7919
0.7,random,28,2.8761
0.7,random,29,2.7843
0.7,linear,0,2.8416
0.7,linear,1,2.7205
0.7,linear,2,2.7026
0.7,linear,3,2.6071
0.7,linear,4,2.7759
0.7,linear,5,2.5328
0.7,linear,6,2.642
0.7,linear,7,2.5356
0.7,linear,8,2.8478
0.7,linear,9,3.133
0.7,linear,10,2.6205
0.7,linear,11,2.8645
0.7,linear,12,3.071
0.7,linear,13,2.776
0.7,linear,14,3.152
0.7,linear,15,2.9935
0.7,linear,16,2.7443
0.7,linear,17,2.9868
0.7,linear,18,2.9945
0.7,linear,19,2.9472
0.7,linear,20,2.5452
0.7,linear,21,2.7592
0.7,linear,22,2.697
0.7,linear,23,2.586
0.7,linear,24,2.8109
0.7,linear,25,2.841
0.7,linear,26,2.9668
0.7,linear,27,2.653
0.7,linear,28,2.8506
0.7,linear,29,2.7379
