rho,budget,bar_q95,median_champ,p_clear,n_pools
0.0,10,0.5869,0.2423,0.0,30
0.0,30,0.6972,0.2423,0.0,30
0.0,100,0.7902,0.3689,0.0,30
0.0,300,0.8843,0.486,0.0,30
0.0,1000,0.9469,0.6331,0.0,30
0.0,3000,1.037,0.6594,0.0,30
0.0,10000,1.1991,0.7752,0.0,30
0.15,10,0.5869,0.6643,0.767,30
0.15,30,0.6972,0.6643,0.167,30
0.15,100,0.7902,0.782,0.467,30
0.15,300,0.8843,0.8601,0.367,30
0.15,1000,0.9469,0.961,0.533,30
0.15,3000,1.037,1.0493,0.533,30
0.15,10000,1.1991,1.1818,0.367,30
0.2,10,0.5869,1.0081,0.767,30
0.2,30,0.6972,1.0081,1.0,30
0.2,100,0.7902,1.0081,1.0,30
0.2,300,0.8843,1.1269,1.0,30
0.2,1000,0.9469,1.1934,1.0,30
0.2,3000,1.037,1.2751,1.0,30
0.2,10000,1.1991,1.4083,0.967,30
